Front,Back
"When was Shelter established?","2000"
"When did Shelter disappear?","2025"
"When was Shelter rediscovered by the Sentinels?","2042"
"Who are the Sentinels?","The people who first rediscovered Shelter"
"Who are the Messengers?","Mail carriers of the apocalypse"
"Who created the Merchant Island strain?","Professor Blunder"
"What strain allowed animals to become infected?","The Merchant Island strain"
"What happens if you are bitten by an infected animal?","You become infected"
"Who are infected animals hostile toward?","Both living humans and infected humans"
"Who are infected humans hostile toward?","Both living humans and infected animals"
"What is the Inter-City Contract (ICC)?","A coalition of surviving city-states in the former IWA"
"When was the ICC formed?","2029"
"What are the two parts of an ICC city?","The Outer Shell and Inner Shell"
"What is the difference between the Outer and Inner Shells?","Outer Shells supply resources. Inner Shells house the main population"
"How do ICC cities deal with suspected SiB-6 infection?","Suspected infected people can be executed immediately"
"Where are the Deadlands?","The central plains between the Rockies and Appalachians, extending to Mexico and the Darién Gap"
"What makes the Deadlands dangerous?","Radiation, dust storms, extreme weather, raiders, cannibals, and massive Infected hordes"
"What are the Deadlands?","A scorched region poisoned by nuclear fire"
"What was the Long Dark?","A long freeze caused by ash and dust blocking sunlight"
"When did the nuclear firestorms devastate the United States?","1997"
"What happened during the Long Dark?","Crops failed, millions starved or froze, and cities were overrun by the undead"
"What currency do the Deadlands and Splinters use?","Crow Coins"
"When were Crow Coins introduced?","2008 by the Steel Syndicate."
"What happened to Independent West Dollars after the collapse?","They became rare, but collectors may exchange them for Crow Coins"
"What currency does the outside world use?","The IRU (International Reserve Unit), backed by gold and silver"
"Are IRUs widely accepted in the Americas?","No. They have little value in the Americas because nothing backs them there"
"What was Independent West America (IWA)?","A safe, modern country west of the Rocky Mountains"
"What happened to IWA in 2029?","Merchant Island-strain zombies overran it after the Rockies failed to stop them"
"What replaced IWA after its fall?","The Inter-City Contract (ICC)"
"When did Independent West America (IWA) break away from the US government?","1998"
"Can Outer Shell civilians freely enter the Inner Shell?","No. They face discrimination and are usually treated as second-class citizens"
"Can you freely leave an ICC city and return?","No. Leaving without government approval makes returning difficult, even with ID."
"Can you freely travel between ICC cities?","No. Approved travelers face screenings, tests, and questioning, and usually enter the Outer Shell."
"What is Merchant Island?","An isolated island in the Great Lakes"
"What happened when Merchant Island opened its borders in 2017?","The Runic Sigil infiltrated the island and caused its fall."
"When did Merchant Island fall to the Runics?","2017"
"When was Merchant Island liberated from the Runics?","2022"
"Why did Merchant Island isolate itself again in 2028?","To protect itself after Professor Blunder's mutated parasite spread through the Americas."
"What was the Pan-Atlantic Union (PAU)?","A militarized alliance of North American and European countries."
"Could outsiders freely enter the PAU?","No. Entry required biometric screening, background checks, and weeks of quarantine."
"What happened to the American side of the PAU in 2028?","Europe abandoned it, and the Western PAU fell to the mutated parasite."
"What happened to the PAU after the American side fell?","Its remaining members are the UK, Australia, and several Northern European states."
"What is the technology level inside the ICC?","Around 2000s technology, without smart devices or personal computers."
"What is UnityNet?","A major European technology company that helped establish social media and the internet."
"What is the technology level outside North America?","Modern-day technology."
"What is the technology level for the average person in North America?","1990s technology."
"Who has access to advanced technology within the ICC?","City-state governments."
"What is the “Outside World”?","All territory outside the fractured Americas, beyond the Darién Gap."
"How badly did the infection affect the Outside World?","It never spread widely; most countries have minimal direct contact with the Infected."
"What happened to travel between the Outside World and the Americas in 2028?","A blockade and airspace restrictions banned travel in or out of the Americas."
"What happens if someone tries to break the Americas blockade?","They can be executed."
"What happens if you’re bitten by an infected human?","You will die unless the limb is amputated or C-Cure succeeds."
"What is SiB-6?","A parasitic infection that turns dead humans into zombies."
"How can ordinary people test for SiB-6?","Checking for bites, illness, and fever"
"What happens when a zombie detects a child?","It targets the child, attracting more Infected and potentially forming a horde."
"How should children be protected from Infected?","Keep them far away and place as many barriers as possible between them."
"What is the C-Cure?","A cure for bites from humans infected with SiB-6."
"What does producing C-Cure require?","Crow Root extract and a freshly removed child’s thymus."
"What are Harvested Children?","Children whose thymuses were removed for C-Cure production."
"How can a Harvested Child be identified?","An eight-inch chest scar, crow tattoo, weakened health, and reduced undead attraction."
"How long does adult SiB-6 infection normally take to cause reanimation?","Seven days. The corpse reanimates within an hour."
"How long does SiB-6 take to kill an infected child?","Three days. Children do not reanimate."
"Where is Crow Root found?","Only in the Deadlands and on Merchant Island."
"What is the C-Cure's formal name?","Travers-Clarke Bio-Surgical Method (T-CBSM)."
"What happened to the PAU's safer C-Cure alternative?","The project ended after the West PAU fell in 2028."
"How are Harvested Children viewed in some American settlements?","As cursed or unlucky. Many live on society’s fringes."
"Does the C-Cure work against the Merchant Island animal strain?","No. All attempts to adapt it have failed."
"When is amputation of an infected limb too late?","Day 3"
"What happens if someone dies naturally with no bite or nearby Infected?","They remain dead"
"What are the Splinters?","Parts of North America outside the ICC, with no central government."
"Where are the Splinters located?","Across former PAU, IWA, and Steel Syndicate territories, plus surrounding regions."
"What technology is common in the Splinters?","Pre-1998 technology, usually scavenged, repaired, or improvised."
"What was the Steel Syndicate?","A regional power founded in Detroit by auto workers, truckers, and machinists."
"What were the Zone Security Forces, or “Zees”?","A rotating citizen militia responsible for regional security."
"Why did the Steel Syndicate collapse?","New zombie strains created by Professor Blunder broke through its defenses, forcing evacuation."
"When was Chicago nuked?","2019"
"When did the Steel Syndicate fall?","By the end of 2026."
"When was the Steel Syndicate formed?","1999"
"Which cities joined the Steel Syndicate?","Detroit, Milwaukee, Green Bay, Cleveland, and Chicago"
"Which type of animal never became infected by Blunder’s animal-infecting strain?","Birds"
"What year does Chapter 3 take place?","2042"
"Who is organizing the return to Shelter?","Kaiman Curtis, leader of the Sentinels."
"What happened to Louisville on January 1, 1995?","The U.S. military destroyed Louisville with a nuclear strike and sealed Knox County"
